model	num_samples	expected_prob
0,0,0,0	24781	0.247706422018
0,0,0,1	8270	0.0825688073394
0,0,1,0	8316	0.0825688073394
0,0,1,1	8145	0.0825688073394
0,0,1,2	2773	0.0275229357798
0,1,0,0	8259	0.0825688073394
0,1,0,1	8246	0.0825688073394
0,1,0,2	2831	0.0275229357798
0,1,1,0	8291	0.0825688073394
0,1,1,1	8311	0.0825688073394
0,1,1,2	2670	0.0275229357798
0,1,2,0	2763	0.0275229357798
0,1,2,1	2670	0.0275229357798
0,1,2,2	2758	0.0275229357798
0,1,2,3	916	0.00917431192661
