model	num_samples	expected_prob
0,0,0,0	6724	0.0666666666667
0,0,0,1	6727	0.0666666666667
0,0,1,0	6743	0.0666666666667
0,0,1,1	6569	0.0666666666667
0,0,1,2	6680	0.0666666666667
0,1,0,0	6724	0.0666666666667
0,1,0,1	6841	0.0666666666667
0,1,0,2	6590	0.0666666666667
0,1,1,0	6689	0.0666666666667
0,1,1,1	6720	0.0666666666667
0,1,1,2	6661	0.0666666666667
0,1,2,0	6624	0.0666666666667
0,1,2,1	6519	0.0666666666667
0,1,2,2	6620	0.0666666666667
0,1,2,3	6569	0.0666666666667
