model	num_samples	expected_prob
0,0,0,0	972	0.00970873786408
0,0,0,1	2952	0.0291262135922
0,0,1,0	2904	0.0291262135922
0,0,1,1	2869	0.0291262135922
0,0,1,2	8647	0.0873786407767
0,1,0,0	2865	0.0291262135922
0,1,0,1	2890	0.0291262135922
0,1,0,2	8707	0.0873786407767
0,1,1,0	2815	0.0291262135922
0,1,1,1	2831	0.0291262135922
0,1,1,2	8777	0.0873786407767
0,1,2,0	8897	0.0873786407767
0,1,2,1	8713	0.0873786407767
0,1,2,2	8617	0.0873786407767
0,1,2,3	26544	0.26213592233
